CREATE TABLE produtos (
  id TEXT PRIMARY KEY,
  nome VARCHAR(255),
  descricao VARCHAR(255),
  preco DECIMAL(10, 2),
  categoria VARCHAR(50)
);

CREATE TABLE colaboradores (
    id TEXT PRIMARY KEY ,
    nome VARCHAR(255) NOT NULL,
    cargo VARCHAR(100),
    data_contratacao DATE,
    telefone VARCHAR(20),
    email VARCHAR(100),
	rua VARCHAR(100) NOT NULL,
	bairro VARCHAR(100) NOT NULL,
	cidade VARCHAR(100) NOT NULL,
	estado VARCHAR(2) NOT NULL,
	cep VARCHAR(8) NOT NULL
);

CREATE TABLE fornecedores (
    id TEXT PRIMARY KEY ,
    nome VARCHAR(255) NOT NULL,
  	contato VARCHAR(100) NOT NULL,
    telefone VARCHAR(20),
    email VARCHAR(100),
	rua VARCHAR(100) NOT NULL,
	bairro VARCHAR(100) NOT NULL,
	cidade VARCHAR(100) NOT NULL,
	estado VARCHAR(2) NOT NULL,
	cep VARCHAR(8) NOT NULL
);

CREATE TABLE clientes (
  id TEXT NOT NULL,
  nome VARCHAR(255),
  telefone VARCHAR(20),
  email VARCHAR(100) DEFAULT 'Sem email', -- DEFAULT serve para colocar uma mensagem padrão caso não seja preenchido nada
  endereco VARCHAR(255),
  PRIMARY KEY (id)
);

CREATE TABLE pedidos (
  id TEXT PRIMARY KEY,
  id_cliente TEXT,
  data_hora_pedido DATETIME,
  status VARCHAR(50),
  FOREIGN KEY (id_cliente) REFERENCES clientes(id) ON DELETE CASCADE
);

CREATE TABLE itens_pedidos (
  id_pedido TEXT,
  id_produto TEXT,
  quantidade INTEGER,
  preco_unitario DECIMAL(10,2),
  PRIMARY KEY (id_pedido,id_produto),
  FOREIGN KEY (id_pedido) REFERENCES pedidos(id) ON DELETE CASCADE,
  FOREIGN KEY (id_produto) REFERENCES produtos(id) ON DELETE CASCADE
);





-- Inserção de colaboradores
INSERT INTO colaboradores (id, nome, cargo, data_contratacao, telefone, email, rua, bairro, cidade, estado, cep) VALUES
('1', 'Carlos Silva', 'Gerente', '2022-03-15', '115551234', 'carlos.silva@email.com', 'Rua do Comércio - 258', 'Centro', 'São Paulo', 'SP', '01000001'),
('2', 'Marta Sousa', 'Chef de Cozinha', '2022-05-10', '215555678', 'marta.sousa@email.com', 'Rua dos Sabores - 456', 'Saboroso', 'São Paulo', 'SP', '20000001'),
('3', 'Pedro Almeida', 'Barista', '2022-07-20', '315557890', 'pedro.almeida@email.com', 'Avenida do Café - 789', 'Centro', 'São Paulo', 'SP', '01000001'),
('4', 'Sofia Rodrigues', 'Garçom', '2022-01-12', '415552345', 'sofia.rodrigues@email.com', 'Rua da Hospitalidade - 101', 'Boas Maneiras', 'São Paulo', 'SP', '40000001'),
('5', 'João Pereira', 'Atendente', '2022-09-05', '515558765', 'joao.pereira@email.com', 'Rua das flores - 210', 'Centro', 'São Paulo', 'SP', '20000001'),
('6', 'Inês Lima', 'Barista', '2022-04-02', '615553421', 'ines.lima@email.com', 'Rua das Entregas - 280', 'Entregas Rápidas', 'São Paulo', 'SP', '90000001'),
('7', 'Antonio Artur', 'Entregador', '2023-01-10', '568442577', 'antonio.artur@email.com', 'Rua das flores - 210', 'Centro', 'São Paulo', 'SP', '20000001');

-- Inserção de fornecedores
INSERT INTO fornecedores (id, nome, contato, telefone, email, rua, bairro, cidade, estado, cep) VALUES
('1', 'Café do Brasil Ltda.', 'Maria Oliveira', '115551234', 'cafebrasil@email.com', 'Rua do Café - 123', 'Centro', 'São Paulo', 'SP', '01000000'),
('2', 'Laticínios Sabor Puro', 'João Santos', '215555678', 'laticinios@email.com', 'Avenida das Vacas - 456', 'Leite Feliz', 'Rio de Janeiro', 'RJ', '20000000'),
('3', 'Frutas Frescas S.A.', 'Carlos Ferreira', '315557890', 'frutasfrescas@email.com', 'Rua das Maçãs - 789', 'Pomar Verde', 'Belo Horizonte', 'MG', '30000000'),
('4', 'Padaria da Cidade', 'Sofia Alves', '415552345', 'padariacidade@email.com', 'Rua dos Pães - 101', 'Pão Quentinho', 'Salvador', 'BA', '40000000'),
('5', 'Fornecedor de Chocolate', 'Rui Lima', '515558765', 'chocolatelovers@email.com', 'Rua do Cacau - 210', 'Chocolateira', 'Florianópolis', 'SC', '88000000'),
('6', 'Distribuidora de Bebidas', 'Ana Pereira', '615553421', 'bebidaspremium@email.com', 'Avenida das Garrafas - 35', 'Copo Cheio', 'Porto Alegre', 'RS', '90000000');

-- Inserção de produtos
INSERT INTO produtos (id, nome, descricao, preco, categoria) VALUES
('1', 'Espresso', 'Um shot de espresso forte e encorpado.', 2.50, 'Café'),
('2', 'Cappuccino', 'Espresso, leite vaporizado e espuma de leite.', 3.50, 'Café'),
('3', 'Latte Macchiato', 'Leite vaporizado, espresso e espuma de leite.', 4.00, 'Café'),
('4', 'Mocha', 'Espresso, leite vaporizado, chocolate e chantilly.', 4.50, 'Café'),
('5', 'Café da Casa', 'Café da casa especial com sabor suave.', 2.00, 'Café'),
('6', 'Chá de Camomila', 'Chá de camomila com mel e limão.', 2.00, 'Chá'),
('7', 'Omelete de Queijo', 'Omelete recheada com queijo e ervas.', 7.50, 'Almoço'),
('8', 'Quiche de Espinafre', 'Quiche de espinafre e queijo de cabra.', 8.00, 'Almoço'),
('9', 'Frango ao Curry', 'Frango ao curry com arroz basmati.', 9.00, 'Jantar'),
('10', 'Tiramisu', 'Sobremesa italiana com café e mascarpone.', 5.00, 'Sobremesa'),
('11', 'Croissant de Chocolate', 'Croissant recheado com chocolate belga.', 3.50, 'Sobremesa'),
('12', 'Cappuccino Gelado', 'Cappuccino gelado com chantilly e canela.', 4.50, 'Café'),
('13', 'Salada de Quinoa', 'Salada de quinoa com vegetais frescos.', 7.00, 'Almoço'),
('14', 'Sanduíche de Peru', 'Sanduíche de peru com queijo e mostarda.', 6.00, 'Almoço'),
('15', 'Salmão Grelhado', 'Salmão grelhado com legumes da estação.', 11.00, 'Jantar'),
('16', 'Cheesecake de Framboesa', 'Cheesecake de framboesa com calda.', 5.50, 'Sobremesa'),
('17', 'Smoothie de Frutas', 'Smoothie refrescante de frutas da estação.', 4.00, 'Bebidas'),
('18', 'Chá Verde', 'Chá verde com gengibre e limão.', 2.50, 'Chá'),
('19', 'Baguete de Presunto', 'Baguete fresca recheada com presunto e queijo.', 10.00, 'Almoço'),
('20', 'Salada de Frutas', 'Salada de frutas frescas com iogurte.', 4.00, 'Sobremesa'),
('21', 'Caprese Wrap', 'Wrap recheado com tomate, mozzarella e manjericão.', 6.50, 'Almoço'),
('22', 'Muffin de Mirtilo', 'Muffin de mirtilo recém-assado.', 3.00, 'Café'),
('23', 'Smoothie de Manga', 'Smoothie refrescante de manga e banana.', 4.50, 'Bebidas'),
('24', 'Misto Quente', 'Sanduíche misto quente de presunto e queijo.', 5.50, 'Almoço'),
('25', 'Tarte Tatin de Maçã', 'Tarte de maçã caramelizada.', 5.00, 'Sobremesa'),
('26', 'Sanduíche de Frango', 'Sanduíche de frango grelhado e abacate.', 7.00, 'Almoço'),
('27', 'Batido de Morango', 'Batido cremoso de morango com chantilly.', 4.50, 'Bebidas'),
('28', 'Croissant de Amêndoa', 'Croissant recheado com chocolate belga.', 3.50, 'Sobremesa'),
('29', 'Tofu Scramble', 'Scramble de tofu com vegetais e espinafre.', 6.50, 'Sobremesa'),
('30', 'Salada de Atum', 'Salada de atum com feijão e pimentão.', 8.00, 'Almoço');

-- Inserção de clientes
INSERT INTO clientes (id, nome, telefone, email, endereco) VALUES
('1', 'Maria Silva', '115551234', 'maria.silva@email.com', 'Rua das Flores, 123, Cidade A'),
('2', 'João Pereira', '215555678', 'joao.pereira@email.com', 'Av. Principal, 456, Cidade B'),
('3', 'Ana Rodrigues', '315557890', 'ana.rodrigues@email.com', 'Rua Central, 789, Cidade C'),
('4', 'Pedro Alves', '415552345', 'pedro.alves@email.com', 'Travessa dos Sonhos, 56, Cidade D'),
('5', 'Sofia Santos', '515558765', 'sofia.santos@email.com', 'Alameda das Artes, 321, Cidade E'),
('6', 'Jorge Lima', '615553421', 'jorge.lima@email.com', 'Praça das Estrelas, 987, Cidade F'),
('7', 'Luisa Ferreira', '715559876', 'luisa.ferreira@email.com', 'Rua das Palmeiras, 789, Cidade G'),
('8', 'Carlos Gomes', '815552345', 'carlos.gomes@email.com', 'Avenida dos Ventos, 123, Cidade H'),
('9', 'Marta Ribeiro', '915555432', 'marta.ribeiro@email.com', 'Travessa das Maravilhas, 56, Cidade I'),
('10', 'Ana Maria Silva', '1515557890', 'ana.silva@email.com', 'Rua Central, 567, Cidade O'),
('11', 'André Almeida', '1015556789', 'Sem email', 'Praça da Felicidade, 456, Cidade J'),
('12', 'João Carlos Rodrigues', '1615552345', 'joao.rodrigues@email.com', 'Praça dos Poetas, 321, Cidade P'),
('13', 'Isabela Pereira', '1115558765', 'Sem email', 'Rua das Araras, 789, Cidade K'),
('14', 'Isabel Gonçalves', '1715558765', 'isabel.goncalves@email.com', 'Alameda das Gaivotas, 654, Cidade Q'),
('15', 'Ricardo Ferreira', '1815554321', 'ricardo.ferreira@email.com', 'Avenida da Paz, 987, Cidade R'),
('16', 'Mariana Costa', '1915551234', 'mariana.costa@email.com', 'Travessa das Mariposas, 234, Cidade S'),
('17', 'Luís Carlos Sousa', '2015555678', 'luis.sousa@email.com', 'Rua dos Sonhos, 456, Cidade T'),
('18', 'Silvia Ribeiro', '2115557890', 'silvia.ribeiro@email.com', 'Alameda dos Sorrisos, 765, Cidade U'),
('19', 'Artur Santos', '2215552345', 'artur.santos@email.com', 'Praça das Alegrias, 987, Cidade V'),
('21', 'Carolina Lima', '2315558765', 'carolina.lima@email.com', 'Avenida da Felicidade, 654, Cidade W'),
('22', 'Pedro Almeida', '2415554321', 'pedro.almeida@email.com', 'Rua das Estrelas, 123, Cidade X'),
('23', 'Inês Gonçalves', '2515551234', 'ines.goncalves@email.com', 'Travessa das Maravilhas, 234, Cidade Y'),
('24', 'Rui Santos', '1215554321', 'Sem email', 'Alameda das Estrelas, 654, Cidade L'),
('25', 'Diogo Fernandes', '2615555678', 'diogo.fernandes@email.com', 'Praça dos Desejos, 987, Cidade Z'),
('26', 'Helena Lima', '1315551234', 'Sem email', 'Avenida dos Sonhos, 234, Cidade M'),
('27', 'Paulo Sousa', '1415555678', 'Sem email', 'Travessa das Marés, 876, Cidade N');

INSERT INTO pedidos (id, id_cliente, data_hora_pedido, status) VALUES
 (1, 10, '2023-01-02 08:15:00', 'Em Andamento'),
 (2, 3, '2023-01-02 08:45:00', 'Concluído'),
 (3, 8, '2023-01-02 09:30:00', 'Entregue'),
 (4, 14, '2023-01-02 10:00:00', 'Em Andamento'),
 (5, 7, '2023-01-02 11:30:00', 'Concluído'),
 (6, 1, '2023-01-02 12:45:00', 'Entregue'),
 (7, 25, '2023-01-06 08:30:00', 'Em Andamento'),
 (8, 9, '2023-01-06 09:00:00', 'Concluído'),
 (9, 12, '2023-01-06 09:30:00', 'Entregue'),
 (10, 26, '2023-01-06 10:15:00', 'Em Andamento'),
 (11, 5, '2023-01-06 10:45:00', 'Concluído'),
 (12, 13, '2023-01-06 11:30:00', 'Entregue'),
 (13, 17, '2023-01-10 08:00:00', 'Em Andamento'),
 (14, 22, '2023-01-10 08:45:00', 'Concluído'),
 (15, 19, '2023-01-10 09:15:00', 'Entregue'),
 (16, 2, '2023-01-10 10:00:00', 'Em Andamento'),
 (17, 15, '2023-01-10 11:00:00', 'Concluído'),
 (18, 4, '2023-01-10 11:30:00', 'Entregue'),
 (19, 6, '2023-01-14 08:30:00', 'Em Andamento'),
 (20, 11, '2023-01-14 09:15:00', 'Concluído'),
 (21, 18, '2023-01-15 23:00:00', 'Concluído'),
(22, 10, '2023-01-15 23:45:00', 'Entregue'),
(23, 8, '2023-01-16 00:30:00', 'Concluído'),
(24, 30, '2023-01-16 01:15:00', 'Entregue'),
(25, 9, '2023-01-16 02:00:00', 'Em Andamento'),
(26, 4, '2023-01-16 02:45:00', 'Entregue'),
(27, 7, '2023-01-16 03:30:00', 'Entregue'),
(28, 28, '2023-01-16 04:15:00', 'Concluído'),
(29, 5, '2023-01-16 05:00:00', 'Em Andamento'),
(30, 19, '2023-01-16 05:45:00', 'Em Andamento'),
(31, 3, '2023-01-16 06:30:00', 'Em Andamento'),
(32, 8, '2023-01-16 07:15:00', 'Em Andamento'),
(33, 1, '2023-01-16 08:00:00', 'Em Andamento'),
(34, 17, '2023-01-16 08:45:00', 'Em Andamento'),
(35, 28, '2023-01-16 09:30:00', 'Em Andamento'),
(36, 10, '2023-01-16 10:15:00', 'Entregue'),
(37, 22, '2023-01-16 11:00:00', 'Em Andamento'),
(38, 25, '2023-01-16 11:45:00', 'Concluído'),
(39, 6, '2023-01-16 12:30:00', 'Em Andamento'),
(40, 10, '2023-01-16 13:15:00', 'Concluído'),
(41, 24, '2023-01-16 14:00:00', 'Concluído'),
  (42, 10, '2023-01-16 14:45:00', 'Entregue'),
  (43, 17, '2023-01-16 15:30:00', 'Entregue'),
  (44, 23, '2023-01-16 16:15:00', 'Concluído'),
  (45, 26, '2023-01-16 17:00:00', 'Em Andamento'),
  (46, 26, '2023-01-16 17:45:00', 'Entregue'),
  (47, 11, '2023-01-16 18:30:00', 'Em Andamento'),
  (48, 19, '2023-01-16 19:15:00', 'Entregue'),
  (49, 18, '2023-01-16 20:00:00', 'Entregue'),
  (50, 22, '2023-01-16 20:45:00', 'Entregue'),
  (51, 8, '2023-01-16 21:30:00', 'Entregue'),
  (52, 9, '2023-01-16 22:15:00', 'Entregue'),
  (53, 22, '2023-01-16 23:00:00', 'Em Andamento'),
  (54, 11, '2023-01-16 23:45:00', 'Entregue'),
  (55, 17, '2023-01-17 00:30:00', 'Entregue'),
  (56, 21, '2023-01-17 01:15:00', 'Entregue'),
  (57, 22, '2023-01-17 02:00:00', 'Entregue'),
  (58, 2, '2023-01-17 02:45:00', 'Concluído'),
  (59, 7, '2023-01-17 03:30:00', 'Entregue'),
  (60, 15, '2023-01-17 04:15:00', 'Em Andamento'),
  (61, 18, '2023-01-17 05:00:00', 'Entregue'),
  (62, 5, '2023-01-17 05:45:00', 'Entregue'),
  (63, 26, '2023-01-17 06:30:00', 'Entregue'),
  (64, 14, '2023-01-17 07:15:00', 'Concluído'),
  (65, 30, '2023-01-17 08:00:00', 'Em Andamento'),
  (66, 25, '2023-01-17 08:45:00', 'Em Andamento'),
  (67, 22, '2023-01-17 09:30:00', 'Concluído'),
  (68, 12, '2023-01-17 10:15:00', 'Concluído'),
  (69, 21, '2023-01-17 11:00:00', 'Concluído'),
  (70, 28, '2023-01-17 11:45:00', 'Entregue'),
  (71, 9, '2023-01-17 12:30:00', 'Em Andamento'),
  (72, 15, '2023-01-17 13:15:00', 'Em Andamento'),
  (73, 14, '2023-01-17 14:00:00', 'Concluído'),
  (74, 5, '2023-01-17 14:45:00', 'Entregue'),
  (75, 4, '2023-01-17 15:30:00', 'Em Andamento'),
  (76, 29, '2023-01-17 16:15:00', 'Entregue'),
  (77, 27, '2023-01-17 17:00:00', 'Concluído'),
  (78, 15, '2023-01-17 17:45:00', 'Concluído'),
  (79, 28, '2023-01-17 18:30:00', 'Entregue'),
  (80, 22, '2023-01-17 19:15:00', 'Entregue'),
  (81, 16, '2023-01-17 20:00:00', 'Entregue'),
  (82, 7, '2023-01-17 20:45:00', 'Concluído'),
  (83, 1, '2023-01-17 21:30:00', 'Entregue'),
  (84, 14, '2023-01-17 22:15:00', 'Entregue'),
  (85, 2, '2023-01-17 23:00:00', 'Entregue'),
  (86, 25, '2023-01-17 23:45:00', 'Entregue'),
  (87, 1, '2023-01-18 00:30:00', 'Entregue'),
  (88, 7, '2023-01-18 01:15:00', 'Entregue'),
  (89, 19, '2023-01-18 02:00:00', 'Concluído'),
  (90, 17, '2023-01-18 02:45:00', 'Em Andamento'),
  (91, 11, '2023-01-18 03:30:00', 'Entregue'),
  (92, 13, '2023-01-18 04:15:00', 'Concluído'),
  (93, 18, '2023-01-18 05:00:00', 'Concluído'),
  (94, 21, '2023-01-18 05:45:00', 'Em Andamento'),
  (95, 20, '2023-01-18 06:30:00', 'Em Andamento'),
  (96, 19, '2023-01-18 07:15:00', 'Concluído'),
  (97, 26, '2023-01-18 08:00:00', 'Em Andamento'),
  (98, 27, '2023-01-18 08:45:00', 'Entregue'),
  (99, 17, '2023-01-18 09:30:00', 'Em Andamento'),
  (100, 14, '2023-01-18 10:15:00', 'Concluído'),
  (101, 21, '2023-01-18 11:00:00', 'Concluído'),
  (102, 21, '2023-01-18 11:45:00', 'Entregue'),
  (103, 29, '2023-01-18 12:30:00', 'Em Andamento'),
  (104, 19, '2023-01-18 13:15:00', 'Concluído'),
  (105, 29, '2023-01-18 14:00:00', 'Entregue'),
  (106, 19, '2023-01-18 14:45:00', 'Concluído'),
  (107, 19, '2023-01-18 15:30:00', 'Em Andamento'),
  (108, 28, '2023-01-18 16:15:00', 'Concluído'),
  (109, 2, '2023-01-18 17:00:00', 'Em Andamento'),
  (110, 13, '2023-01-18 17:45:00', 'Concluído'),
  (111, 12, '2023-01-18 18:30:00', 'Em Andamento'),
  (112, 16, '2023-01-18 19:15:00', 'Em Andamento'),
  (113, 13, '2023-01-18 20:00:00', 'Entregue'),
  (114, 8, '2023-01-18 20:45:00', 'Entregue'),
  (115, 5, '2023-01-18 21:30:00', 'Concluído'),
  (116, 5, '2023-01-18 22:15:00', 'Entregue'),
  (117, 9, '2023-01-18 23:00:00', 'Em Andamento'),
  (118, 16, '2023-01-18 23:45:00', 'Concluído'),
  (119, 22, '2023-01-19 00:30:00', 'Em Andamento'),
  (120, 17, '2023-01-19 01:15:00', 'Concluído'),
  (121, 14, '2023-01-28 08:15:00', 'Entregue'),
(122, 16, '2023-01-28 08:45:00', 'Em Andamento'),
(123, 25, '2023-01-28 09:15:00', 'Concluído'),
(124, 6, '2023-01-28 09:45:00', 'Entregue'),
(125, 8, '2023-01-28 10:15:00', 'Em Andamento'),
(126, 17, '2023-01-29 08:00:00', 'Concluído'),
(127, 20, '2023-01-29 08:30:00', 'Entregue'),
(128, 11, '2023-01-29 09:00:00', 'Em Andamento'),
(129, 13, '2023-01-29 09:30:00', 'Concluído'),
(130, 24, '2023-01-29 10:00:00', 'Entregue'),
(131, 2, '2023-01-30 08:15:00', 'Em Andamento'),
(132, 15, '2023-01-30 08:45:00', 'Concluído'),
(133, 19, '2023-01-30 09:15:00', 'Entregue'),
(134, 21, '2023-01-30 09:45:00', 'Em Andamento'),
(135, 4, '2023-01-30 10:15:00', 'Concluído'),
(136, 22, '2023-01-31 08:00:00', 'Entregue'),
(137, 18, '2023-01-31 08:30:00', 'Em Andamento'),
(138, 23, '2023-01-31 09:00:00', 'Concluído'),
(139, 5, '2023-01-31 09:30:00', 'Entregue'),
(140, 7, '2023-01-31 10:00:00', 'Em Andamento'),
(141, 26, '2023-02-01 08:15:00', 'Concluído'),
(142, 1, '2023-02-01 08:45:00', 'Entregue'),
(143, 3, '2023-02-01 09:15:00', 'Em Andamento'),
(144, 9, '2023-02-01 09:45:00', 'Concluído'),
(145, 10, '2023-02-01 10:15:00', 'Entregue'),
(146, 12, '2023-02-02 08:00:00', 'Em Andamento'),
(147, 14, '2023-02-02 08:30:00', 'Concluído'),
(148, 16, '2023-02-02 09:00:00', 'Entregue'),
(149, 25, '2023-02-02 09:30:00', 'Em Andamento'),
(150, 6, '2023-02-02 10:00:00', 'Concluído'),
(151, 8, '2023-02-03 08:15:00', 'Entregue'),
(152, 17, '2023-02-03 08:45:00', 'Em Andamento'),
(153, 20, '2023-02-03 09:15:00', 'Concluído'),
(154, 11, '2023-02-03 09:45:00', 'Entregue'),
(155, 13, '2023-02-03 10:15:00', 'Em Andamento'),
(156, 24, '2023-02-04 08:00:00', 'Concluído'),
(157, 2, '2023-02-04 08:30:00', 'Entregue'),
(158, 15, '2023-02-04 09:00:00', 'Em Andamento'),
(159, 19, '2023-02-04 09:30:00', 'Concluído'),
(160, 21, '2023-02-04 10:00:00', 'Entregue'),
(161, 4, '2023-02-05 08:15:00', 'Em Andamento'),
(162, 22, '2023-02-05 08:45:00', 'Concluído'),
(163, 18, '2023-02-05 09:15:00', 'Entregue'),
(164, 23, '2023-02-05 09:45:00', 'Em Andamento'),
(165, 5, '2023-02-05 10:15:00', 'Concluído'),
(166, 7, '2023-02-06 08:00:00', 'Entregue'),
(167, 26, '2023-02-06 08:30:00', 'Em Andamento'),
(168, 1, '2023-02-06 09:00:00', 'Concluído'),
(169, 3, '2023-02-06 09:30:00', 'Entregue'),
(170, 9, '2023-02-06 10:00:00', 'Em Andamento'),
(171, 10, '2023-02-07 08:15:00', 'Concluído'),
(172, 12, '2023-02-07 08:45:00', 'Entregue'),
(173, 14, '2023-02-07 09:15:00', 'Em Andamento'),
(174, 16, '2023-02-07 09:45:00', 'Concluído'),
(175, 25, '2023-02-07 10:15:00', 'Entregue'),
(176, 6, '2023-02-08 08:00:00', 'Em Andamento'),
(177, 8, '2023-02-08 08:30:00', 'Concluído'),
(178, 17, '2023-02-08 09:00:00', 'Entregue'),
(179, 20, '2023-02-08 09:30:00', 'Em Andamento'),
(180, 11, '2023-02-08 10:00:00', 'Concluído'),
(181, 13, '2023-02-09 08:15:00', 'Entregue'),
(182, 24, '2023-02-09 08:45:00', 'Em Andamento'),
(183, 2, '2023-02-09 09:15:00', 'Concluído'),
(184, 15, '2023-02-09 09:45:00', 'Entregue'),
(185, 19, '2023-02-09 10:15:00', 'Em Andamento'),
(186, 21, '2023-02-10 08:00:00', 'Concluído'),
(187, 4, '2023-02-10 08:30:00', 'Entregue'),
(188, 22, '2023-02-10 09:00:00', 'Em Andamento'),
(189, 18, '2023-02-10 09:30:00', 'Concluído'),
(190, 23, '2023-02-10 10:00:00', 'Entregue'),
(191, 5, '2023-02-11 08:15:00', 'Em Andamento'),
(192, 7, '2023-02-11 08:45:00', 'Concluído'),
(193, 26, '2023-02-11 09:15:00', 'Entregue'),
(194, 1, '2023-02-11 09:45:00', 'Em Andamento'),
(195, 3, '2023-02-11 10:15:00', 'Concluído'),
(196, 9, '2023-02-12 08:00:00', 'Entregue'),
(197, 10, '2023-02-12 08:30:00', 'Em Andamento'),
(198, 12, '2023-02-12 09:00:00', 'Concluído'),
(199, 14, '2023-02-12 09:30:00', 'Entregue'),
(200, 16, '2023-02-12 10:00:00', 'Em Andamento'),
(201, 25, '2023-02-13 08:15:00', 'Concluído'),
(202, 6, '2023-02-13 08:45:00', 'Entregue'),
(203, 8, '2023-02-13 09:15:00', 'Em Andamento'),
(204, 17, '2023-02-13 09:45:00', 'Concluído'),
(205, 20, '2023-02-13 10:15:00', 'Entregue'),
(206, 11, '2023-02-14 08:00:00', 'Em Andamento'),
(207, 13, '2023-02-14 08:30:00', 'Concluído'),
(208, 24, '2023-02-14 09:00:00', 'Entregue'),
(209, 2, '2023-02-14 09:30:00', 'Em Andamento'),
(210, 15, '2023-02-14 10:00:00', 'Concluído'),
(211, 19, '2023-02-15 08:15:00', 'Entregue'),
(212, 21, '2023-02-15 08:45:00', 'Em Andamento'),
(213, 4, '2023-02-15 09:15:00', 'Concluído'),
(214, 22, '2023-02-15 09:45:00', 'Entregue'),
(215, 18, '2023-02-15 10:15:00', 'Em Andamento'),
(216, 23, '2023-02-16 08:00:00', 'Concluído'),
(217, 5, '2023-02-16 08:30:00', 'Entregue'),
(218, 7, '2023-02-16 09:00:00', 'Em Andamento'),
(219, 26, '2023-02-16 09:30:00', 'Concluído'),
(220, 1, '2023-02-16 10:00:00', 'Entregue'),
(221, 3, '2023-02-17 08:15:00', 'Em Andamento'),
(222, 9, '2023-02-17 08:45:00', 'Concluído'),
(223, 10, '2023-02-17 09:15:00', 'Entregue'),
(224, 12, '2023-02-17 09:45:00', 'Em Andamento'),
(225, 14, '2023-02-17 10:15:00', 'Concluído'),
(226, 16, '2023-02-18 08:00:00', 'Entregue'),
(227, 25, '2023-02-18 08:30:00', 'Em Andamento'),
(228, 6, '2023-02-18 09:00:00', 'Concluído'),
(229, 8, '2023-02-18 09:30:00', 'Entregue'),
(230, 17, '2023-02-18 10:00:00', 'Em Andamento'),
(231, 20, '2023-02-19 08:15:00', 'Concluído'),
(232, 11, '2023-02-19 08:45:00', 'Entregue'),
(233, 13, '2023-02-19 09:15:00', 'Em Andamento'),
(234, 24, '2023-02-19 09:45:00', 'Concluído'),
(235, 2, '2023-02-19 10:15:00', 'Entregue'),
(236, 15, '2023-02-20 08:00:00', 'Em Andamento'),
(237, 19, '2023-02-20 08:30:00', 'Concluído'),
(238, 21, '2023-02-20 09:00:00', 'Entregue'),
(239, 4, '2023-02-20 09:30:00', 'Em Andamento'),
(240, 22, '2023-02-20 10:00:00', 'Concluído'),
(241, 18, '2023-02-21 08:15:00', 'Entregue'),
(242, 23, '2023-02-21 08:45:00', 'Em Andamento'),
(243, 5, '2023-02-21 09:15:00', 'Concluído'),
(244, 7, '2023-02-21 09:45:00', 'Entregue'),
(245, 26, '2023-02-21 10:15:00', 'Em Andamento'),
(246, 1, '2023-02-22 08:00:00', 'Concluído'),
(247, 3, '2023-02-22 08:30:00', 'Entregue'),
(248, 9, '2023-02-22 09:00:00', 'Em Andamento'),
(249, 10, '2023-02-22 09:30:00', 'Concluído'),
(250, 12, '2023-02-22 10:00:00', 'Entregue'),
(251, 14, '2023-02-23 08:15:00', 'Em Andamento'),
(252, 16, '2023-02-23 08:45:00', 'Concluído'),
(253, 25, '2023-02-23 09:15:00', 'Entregue'),
(254, 6, '2023-02-23 09:45:00', 'Em Andamento'),
(255, 8, '2023-02-23 10:15:00', 'Concluído'),
(256, 17, '2023-02-24 08:00:00', 'Entregue'),
(257, 20, '2023-02-24 08:30:00', 'Em Andamento'),
(258, 11, '2023-02-24 09:00:00', 'Concluído'),
(259, 13, '2023-02-24 09:30:00', 'Entregue'),
(260, 24, '2023-02-24 10:00:00', 'Em Andamento'),
(261, 2, '2023-02-25 08:15:00', 'Concluído'),
(262, 15, '2023-02-25 08:45:00', 'Entregue'),
(263, 19, '2023-02-25 09:15:00', 'Em Andamento'),
(264, 21, '2023-02-25 09:45:00', 'Concluído'),
(265, 4, '2023-02-25 10:15:00', 'Entregue'),
(266, 22, '2023-02-26 08:00:00', 'Em Andamento'),
(267, 18, '2023-02-26 08:30:00', 'Concluído'),
(268, 23, '2023-02-26 09:00:00', 'Entregue'),
(269, 5, '2023-02-26 09:30:00', 'Em Andamento'),
(270, 7, '2023-02-26 10:00:00', 'Concluído'),
(271, 26, '2023-02-27 08:15:00', 'Entregue'),
(272, 1, '2023-02-27 08:45:00', 'Em Andamento'),
(273, 3, '2023-02-27 09:15:00', 'Concluído'),
(274, 9, '2023-02-27 09:45:00', 'Entregue'),
(275, 10, '2023-02-27 10:15:00', 'Em Andamento'),
(276, 12, '2023-02-28 08:00:00', 'Concluído'),
(277, 14, '2023-02-28 08:30:00', 'Entregue'),
(278, 16, '2023-02-28 09:00:00', 'Em Andamento'),
(279, 25, '2023-02-28 09:30:00', 'Concluído'),
(280, 6, '2023-02-28 10:00:00', 'Entregue'),
(281, 8, '2023-03-01 08:15:00', 'Em Andamento'),
(282, 17, '2023-03-01 08:45:00', 'Concluído'),
(283, 20, '2023-03-01 09:15:00', 'Entregue'),
(284, 11, '2023-03-01 09:45:00', 'Em Andamento'),
(285, 13, '2023-03-01 10:15:00', 'Concluído'),
(286, 24, '2023-03-02 08:00:00', 'Entregue'),
(287, 2, '2023-03-02 08:30:00', 'Em Andamento'),
(288, 15, '2023-03-02 09:00:00', 'Concluído'),
(289, 19, '2023-03-02 09:30:00', 'Entregue'),
(290, 21, '2023-03-02 10:00:00', 'Em Andamento'),
(291, 4, '2023-03-03 08:15:00', 'Concluído'),
(292, 22, '2023-03-03 08:45:00', 'Entregue'),
(293, 18, '2023-03-03 09:15:00', 'Em Andamento'),
(294, 23, '2023-03-03 09:45:00', 'Concluído'),
(295, 5, '2023-03-03 10:15:00', 'Entregue'),
(296, 7, '2023-03-04 08:00:00', 'Em Andamento'),
(297, 26, '2023-03-04 08:30:00', 'Concluído'),
(298, 1, '2023-03-04 09:00:00', 'Entregue'),
(299, 3, '2023-03-04 09:30:00', 'Em Andamento'),
(300, 9, '2023-03-04 10:00:00', 'Concluído'),
(301, 10, '2023-03-05 08:15:00', 'Entregue'),
(302, 12, '2023-03-05 08:45:00', 'Em Andamento'),
(303, 14, '2023-03-05 09:15:00', 'Concluído'),
(304, 16, '2023-03-05 09:45:00', 'Entregue'),
(305, 25, '2023-03-05 10:15:00', 'Em Andamento'),
(306, 6, '2023-03-06 08:00:00', 'Concluído'),
(307, 8, '2023-03-06 08:30:00', 'Entregue'),
(308, 17, '2023-03-06 09:00:00', 'Em Andamento'),
(309, 20, '2023-03-06 09:30:00', 'Concluído'),
(310, 11, '2023-03-06 10:00:00', 'Entregue'),
(311, 13, '2023-03-07 08:15:00', 'Em Andamento'),
(312, 24, '2023-03-07 08:45:00', 'Concluído'),
(313, 2, '2023-03-07 09:15:00', 'Entregue'),
(314, 15, '2023-03-07 09:45:00', 'Em Andamento'),
(315, 19, '2023-03-07 10:15:00', 'Concluído'),
(316, 21, '2023-03-08 08:00:00', 'Entregue'),
(317, 4, '2023-03-08 08:30:00', 'Em Andamento'),
(318, 22, '2023-03-08 09:00:00', 'Concluído'),
(319, 18, '2023-03-08 09:30:00', 'Entregue'),
(320, 23, '2023-03-08 10:00:00', 'Em Andamento'),
(321, 5, '2023-03-09 08:15:00', 'Concluído'),
(322, 7, '2023-03-09 08:45:00', 'Entregue'),
(323, 26, '2023-03-09 09:15:00', 'Em Andamento'),
(324, 1, '2023-03-09 09:45:00', 'Concluído'),
(325, 3, '2023-03-09 10:15:00', 'Entregue'),
(326, 9, '2023-03-10 08:00:00', 'Em Andamento'),
(327, 10, '2023-03-10 08:30:00', 'Concluído'),
(328, 12, '2023-03-10 09:00:00', 'Entregue'),
(329, 14, '2023-03-10 09:30:00', 'Em Andamento'),
(330, 16, '2023-03-10 10:00:00', 'Concluído'),
(331, 25, '2023-03-11 08:15:00', 'Entregue'),
(332, 6, '2023-03-11 08:45:00', 'Em Andamento'),
(333, 8, '2023-03-11 09:15:00', 'Concluído'),
(334, 17, '2023-03-11 09:45:00', 'Entregue'),
(335, 20, '2023-03-11 10:15:00', 'Em Andamento'),
(336, 11, '2023-03-12 08:00:00', 'Concluído'),
(337, 13, '2023-03-12 08:30:00', 'Entregue'),
(338, 24, '2023-03-12 09:00:00', 'Em Andamento'),
(339, 2, '2023-03-12 09:30:00', 'Concluído'),
(340, 15, '2023-03-12 10:00:00', 'Entregue'),
(341, 19, '2023-03-13 08:15:00', 'Em Andamento'),
(342, 21, '2023-03-13 08:45:00', 'Concluído'),
(343, 4, '2023-03-13 09:15:00', 'Entregue'),
(344, 22, '2023-03-13 09:45:00', 'Em Andamento'),
(345, 18, '2023-03-13 10:15:00', 'Concluído'),
(346, 23, '2023-03-14 08:00:00', 'Entregue'),
(347, 5, '2023-03-14 08:30:00', 'Em Andamento'),
(348, 7, '2023-03-14 09:00:00', 'Concluído'),
(349, 26, '2023-03-14 09:30:00', 'Entregue'),
(350, 1, '2023-03-14 10:00:00', 'Em Andamento'),
(351, 3, '2023-03-15 08:15:00', 'Concluído'),
(352, 9, '2023-03-15 08:45:00', 'Entregue'),
(353, 10, '2023-03-15 09:15:00', 'Em Andamento'),
(354, 12, '2023-03-15 09:45:00', 'Concluído'),
(355, 14, '2023-03-15 10:15:00', 'Entregue'),
(356, 16, '2023-03-16 08:00:00', 'Em Andamento'),
(357, 25, '2023-03-16 08:30:00', 'Concluído'),
(358, 6, '2023-03-16 09:00:00', 'Entregue'),
(359, 8, '2023-03-16 09:30:00', 'Em Andamento'),
(360, 17, '2023-03-16 10:00:00', 'Concluído'),
(361, 20, '2023-03-17 08:15:00', 'Entregue'),
(362, 11, '2023-03-17 08:45:00', 'Em Andamento'),
(363, 13, '2023-03-17 09:15:00', 'Concluído'),
(364, 24, '2023-03-17 09:45:00', 'Entregue'),
(365, 2, '2023-03-17 10:15:00', 'Em Andamento'),
(366, 15, '2023-03-18 08:00:00', 'Concluído'),
(367, 19, '2023-03-18 08:30:00', 'Entregue'),
(368, 21, '2023-03-18 09:00:00', 'Em Andamento'),
(369, 4, '2023-03-18 09:30:00', 'Concluído'),
(370, 22, '2023-03-18 10:00:00', 'Entregue'),
(371, 18, '2023-03-19 08:15:00', 'Em Andamento'),
(372, 23, '2023-03-19 08:45:00', 'Concluído'),
(373, 5, '2023-03-19 09:15:00', 'Entregue'),
(374, 7, '2023-03-19 09:45:00', 'Em Andamento'),
(375, 26, '2023-03-19 10:15:00', 'Concluído'),
(376, 1, '2023-03-20 08:00:00', 'Entregue'),
(377, 3, '2023-03-20 08:30:00', 'Em Andamento'),
(378, 9, '2023-03-20 09:00:00', 'Concluído'),
(379, 10, '2023-03-20 09:30:00', 'Entregue'),
(380, 12, '2023-03-20 10:00:00', 'Em Andamento'),
(381, 14, '2023-03-21 08:15:00', 'Concluído'),
(382, 16, '2023-03-21 08:45:00', 'Entregue'),
(383, 25, '2023-03-21 09:15:00', 'Em Andamento'),
(384, 6, '2023-03-21 09:45:00', 'Concluído'),
(385, 8, '2023-03-21 10:15:00', 'Entregue'),
(386, 17, '2023-03-22 08:00:00', 'Em Andamento'),
(387, 20, '2023-03-22 08:30:00', 'Concluído'),
(388, 11, '2023-03-22 09:00:00', 'Entregue'),
(389, 13, '2023-03-22 09:30:00', 'Em Andamento'),
(390, 24, '2023-03-22 10:00:00', 'Concluído'),
(391, 2, '2023-03-23 08:15:00', 'Entregue'),
(392, 15, '2023-03-23 08:45:00', 'Em Andamento'),
(393, 19, '2023-03-23 09:15:00', 'Concluído'),
(394, 21, '2023-03-23 09:45:00', 'Entregue'),
(395, 4, '2023-03-23 10:15:00', 'Em Andamento'),
(396, 22, '2023-03-24 08:00:00', 'Concluído'),
(397, 18, '2023-03-24 08:30:00', 'Entregue'),
(398, 23, '2023-03-24 09:00:00', 'Em Andamento'),
(399, 5, '2023-03-24 09:30:00', 'Concluído'),
(400, 7, '2023-03-24 10:00:00', 'Entregue'),
(401, 26, '2023-03-25 08:15:00', 'Em Andamento'),
(402, 1, '2023-03-25 08:45:00', 'Concluído'),
(403, 3, '2023-03-25 09:15:00', 'Entregue'),
(404, 9, '2023-03-25 09:45:00', 'Em Andamento'),
(405, 10, '2023-03-25 10:15:00', 'Concluído'),
(406, 12, '2023-03-26 08:00:00', 'Entregue'),
(407, 14, '2023-03-26 08:30:00', 'Em Andamento'),
(408, 16, '2023-03-26 09:00:00', 'Concluído'),
(409, 25, '2023-03-26 09:30:00', 'Entregue'),
(410, 6, '2023-03-26 10:00:00', 'Em Andamento'),
(411, 8, '2023-03-27 08:15:00', 'Concluído'),
(412, 17, '2023-03-27 08:45:00', 'Entregue'),
(413, 20, '2023-03-27 09:15:00', 'Em Andamento'),
(414, 11, '2023-03-27 09:45:00', 'Concluído'),
(415, 13, '2023-03-27 10:15:00', 'Entregue'),
(416, 24, '2023-03-28 08:00:00', 'Em Andamento'),
(417, 2, '2023-03-28 08:30:00', 'Concluído'),
(418, 15, '2023-03-28 09:00:00', 'Entregue'),
(419, 19, '2023-03-28 09:30:00', 'Em Andamento'),
(420, 21, '2023-03-28 10:00:00', 'Concluído'),
(421, 4, '2023-03-29 08:15:00', 'Entregue'),
(422, 22, '2023-03-29 08:45:00', 'Em Andamento'),
(423, 18, '2023-03-29 09:15:00', 'Concluído'),
(424, 23, '2023-03-29 09:45:00', 'Entregue'),
(425, 5, '2023-03-29 10:15:00', 'Em Andamento'),
(426, 7, '2023-03-30 08:00:00', 'Concluído'),
(427, 26, '2023-03-30 08:30:00', 'Entregue'),
(428, 1, '2023-03-30 09:00:00', 'Em Andamento'),
(429, 3, '2023-03-30 09:30:00', 'Concluído'),
(430, 9, '2023-03-30 10:00:00', 'Entregue'),
(431, 10, '2023-03-31 08:15:00', 'Em Andamento'),
(432, 12, '2023-03-31 08:45:00', 'Concluído'),
(433, 14, '2023-03-31 09:15:00', 'Entregue'),
(434, 16, '2023-03-31 09:45:00', 'Em Andamento'),
(435, 25, '2023-03-31 10:15:00', 'Concluído'),
(436, 6, '2023-04-01 08:00:00', 'Entregue'),
(437, 8, '2023-04-01 08:30:00', 'Em Andamento'),
(438, 17, '2023-04-01 09:00:00', 'Concluído'),
(439, 20, '2023-04-01 09:30:00', 'Entregue'),
(440, 11, '2023-04-01 10:00:00', 'Em Andamento'),
(441, 13, '2023-04-02 08:15:00', 'Concluído'),
(442, 24, '2023-04-02 08:45:00', 'Entregue'),
(443, 2, '2023-04-02 09:15:00', 'Em Andamento'),
(444, 15, '2023-04-02 09:45:00', 'Concluído'),
(445, 19, '2023-04-02 10:15:00', 'Entregue'),
(446, 21, '2023-04-03 08:00:00', 'Em Andamento'),
(447, 4, '2023-04-03 08:30:00', 'Concluído'),
(448, 22, '2023-04-03 09:00:00', 'Entregue'),
(449, 18, '2023-04-03 09:30:00', 'Em Andamento'),
(450, 23, '2023-04-03 10:00:00', 'Concluído');

INSERT INTO itens_pedidos (id_pedido, id_produto, quantidade, preco_unitario) VALUES
(1, 5, 1, 2.00),
(1, 2, 2, 7.00),
(2, 12, 3, 13.50),
(3, 8, 1, 8.00),
(3, 20, 1, 4.00),
(3, 15, 2, 22.00),
(4, 6, 1, 2.00),
(4, 10, 4, 20.00),
(5, 19, 1, 10.00),
(6, 25, 1, 5.00),
(6, 1, 2, 5.00),
(7, 18, 3, 7.50),
(8, 27, 1, 4.50),
(8, 21, 2, 13.00),
(9, 9, 1, 9.00),
(9, 13, 1, 7.00),
(9, 4, 2, 9.00),
(10, 14, 1, 6.00),
(10, 3, 3, 12.00),
(11, 7, 1, 7.50),
(11, 28, 2, 7.00),
(12, 11, 4, 14.00),
(13, 22, 1, 3.00),
(13, 30, 1, 8.00),
(13, 16, 2, 11.00),
(14, 26, 1, 7.00),
(14, 17, 3, 12.00),
(15, 23, 2, 9.00),
(16, 29, 1, 6.50),
(17, 12, 1, 4.50),
(17, 24, 1, 5.50),
(17, 5, 2, 4.00),
(18, 19, 2, 20.00),
(18, 8, 3, 24.00),
(19, 21, 1, 6.50),
(19, 10, 2, 10.00),
(20, 6, 1, 2.00),
(20, 27, 2, 9.00),
(21, 15, 1, 11.00),
(21, 9, 3, 27.00),
(22, 13, 1, 7.00),
(22, 4, 2, 9.00),
(23, 3, 1, 4.00),
(23, 14, 2, 12.00),
(24, 7, 1, 7.50),
(24, 28, 3, 10.50),
(25, 16, 1, 5.50),
(25, 22, 3, 9.00),
(25, 11, 2, 7.00),
(26, 30, 1, 8.00),
(26, 17, 2, 8.00),
(27, 23, 1, 4.50),
(27, 26, 3, 21.00),
(28, 24, 1, 5.50),
(28, 29, 2, 13.00),
(29, 1, 1, 2.50),
(29, 20, 2, 8.00),
(30, 12, 1, 4.50),
(30, 5, 3, 6.00),
(31, 1, 1, 2.50),
(31, 9, 2, 18.00),
(32, 21, 1, 6.50),
(32, 13, 3, 21.00),
(32, 15, 2, 22.00),
(33, 7, 1, 7.50),
(34, 18, 2, 5.00),
(34, 12, 3, 13.50),
(35, 3, 1, 4.00),
(36, 28, 1, 3.50),
(36, 1, 2, 5.00),
(37, 14, 2, 12.00),
(37, 8, 3, 24.00),
(38, 20, 1, 4.00),
(38, 25, 1, 5.00),
(38, 16, 2, 11.00),
(39, 19, 3, 30.00),
(40, 6, 1, 2.00),
(41, 11, 2, 7.00),
(42, 26, 1, 7.00),
(42, 30, 2, 16.00),
(43, 10, 1, 5.00),
(43, 5, 2, 4.00),
(43, 22, 3, 9.00),
(44, 24, 1, 5.50),
(45, 29, 2, 13.00),
(45, 17, 3, 12.00),
(46, 23, 1, 4.50),
(46, 2, 2, 7.00),
(47, 9, 1, 9.00),
(47, 13, 2, 14.00),
(47, 28, 3, 10.50),
(48, 21, 1, 6.50),
(49, 4, 2, 9.00),
(50, 1, 3, 7.50),
(50, 11, 1, 3.50),
(51, 26, 2, 14.00),
(52, 1, 2, 5.00),
(53, 22, 3, 9.00),
(54, 7, 1, 7.50),
(55, 15, 2, 22.00),
(56, 19, 1, 10.00),
(57, 3, 3, 12.00),
(58, 9, 2, 18.00),
(59, 4, 3, 13.50),
(60, 11, 1, 3.50),
(61, 26, 2, 14.00),
(62, 1, 1, 2.50),
(63, 28, 3, 10.50),
(64, 22, 2, 6.00),
(65, 7, 3, 22.50),
(66, 15, 1, 11.00),
(67, 27, 2, 9.00),
(68, 24, 1, 5.50),
(69, 5, 3, 6.00),
(70, 17, 2, 8.00),
(71, 29, 3, 19.50),
(72, 8, 1, 8.00),
(73, 18, 2, 5.00),
(74, 6, 1, 2.00),
(75, 19, 3, 30.00),
(76, 15, 2, 22.00),
(77, 14, 3, 18.00),
(78, 30, 1, 8.00),
(79, 21, 2, 13.00),
(80, 25, 1, 5.00),
(81, 12, 3, 13.50),
(82, 6, 2, 4.00),
(83, 16, 3, 16.50),
(84, 23, 1, 4.50),
(85, 8, 2, 16.00),
(86, 19, 1, 10.00),
(87, 13, 3, 21.00),
(88, 5, 3, 6.00),
(89, 30, 2, 16.00),
(90, 11, 1, 3.50),
(91, 26, 2, 14.00),
(92, 1, 2, 5.00),
(93, 22, 3, 9.00),
(94, 7, 1, 7.50),
(95, 15, 2, 22.00),
(96, 19, 1, 10.00),
(97, 3, 3, 12.00),
(98, 9, 2, 18.00),
(99, 4, 3, 13.50),
(100, 11, 1, 3.50),
(101, 26, 2, 14.00),
(102, 1, 1, 2.50),
(103, 28, 3, 10.50),
(104, 22, 2, 6.00),
(105, 7, 3, 22.50),
(106, 15, 1, 11.00),
(107, 27, 2, 9.00),
(108, 24, 1, 5.50),
(109, 5, 3, 6.00),
(110, 17, 2, 8.00),
(111, 29, 3, 19.50),
(112, 8, 1, 8.00),
(113, 18, 2, 5.00),
(114, 6, 1, 2.00),
(115, 19, 3, 30.00),
(116, 15, 2, 22.00),
(117, 14, 3, 18.00),
(118, 30, 1, 8.00),
(119, 21, 2, 13.00),
(120, 25, 1, 5.00),
(121, 12, 3, 13.50),
(122, 6, 2, 4.00),
(123, 16, 3, 16.50),
(124, 23, 1, 4.50),
(125, 8, 2, 16.00),
(126, 19, 1, 10.00),
(127, 13, 3, 21.00),
(128, 5, 3, 6.00),
(129, 30, 2, 16.00),
(130, 11, 1, 3.50),
(131, 26, 2, 14.00),
(132, 1, 2, 5.00),
(133, 22, 3, 9.00),
(134, 7, 1, 7.50),
(135, 15, 2, 22.00),
(136, 19, 1, 10.00),
(137, 3, 3, 12.00),
(138, 9, 2, 18.00),
(139, 4, 3, 13.50),
(140, 11, 1, 3.50),
(141, 26, 2, 14.00),
(142, 1, 1, 2.50),
(143, 28, 3, 10.50),
(144, 22, 2, 6.00),
(145, 7, 3, 22.50),
(146, 15, 1, 11.00),
(147, 27, 2, 9.00),
(148, 24, 1, 5.50),
(149, 5, 3, 6.00),
(150, 17, 2, 8.00),
(151, 29, 3, 19.50),
(152, 8, 1, 8.00),
(153, 18, 2, 5.00),
(154, 6, 1, 2.00),
(155, 19, 3, 30.00),
(156, 15, 2, 22.00),
(157, 14, 3, 18.00),
(158, 30, 1, 8.00),
(159, 21, 2, 13.00),
(160, 25, 1, 5.00),
(161, 12, 3, 13.50),
(162, 6, 2, 4.00),
(163, 16, 3, 16.50),
(164, 23, 1, 4.50),
(165, 8, 2, 16.00),
(166, 19, 1, 10.00),
(167, 13, 3, 21.00),
(168, 5, 3, 6.00),
(169, 30, 2, 16.00),
(170, 11, 1, 3.50),
(171, 26, 2, 14.00),
(172, 1, 2, 5.00),
(173, 22, 3, 9.00),
(174, 7, 1, 7.50),
(175, 15, 2, 22.00),
(176, 19, 1, 10.00),
(177, 3, 3, 12.00),
(178, 9, 2, 18.00),
(179, 4, 3, 13.50),
(180, 11, 1, 3.50),
(181, 26, 2, 14.00),
(182, 1, 1, 2.50),
(183, 28, 3, 10.50),
(184, 22, 2, 6.00),
(185, 7, 3, 22.50),
(186, 15, 1, 11.00),
(187, 27, 2, 9.00),
(188, 24, 1, 5.50),
(189, 5, 3, 6.00),
(190, 17, 2, 8.00),
(191, 29, 3, 19.50),
(192, 8, 1, 8.00),
(193, 18, 2, 5.00),
(194, 6, 1, 2.00),
(195, 19, 3, 30.00),
(196, 15, 2, 22.00),
(197, 14, 3, 18.00),
(198, 30, 1, 8.00),
(199, 21, 2, 13.00),
(200, 25, 1, 5.00),
(201, 12, 3, 13.50),
(202, 6, 2, 4.00),
(203, 16, 3, 16.50),
(204, 23, 1, 4.50),
(205, 8, 2, 16.00),
(206, 19, 1, 10.00),
(207, 13, 3, 21.00),
(208, 5, 3, 6.00),
(209, 30, 2, 16.00),
(210, 11, 1, 3.50),
(211, 26, 2, 14.00),
(212, 1, 2, 5.00),
(213, 22, 3, 9.00),
(214, 7, 1, 7.50),
(215, 15, 2, 22.00),
(216, 19, 1, 10.00),
(217, 3, 3, 12.00),
(218, 9, 2, 18.00),
(219, 4, 3, 13.50),
(220, 11, 1, 3.50),
(221, 26, 2, 14.00),
(222, 1, 1, 2.50),
(223, 28, 3, 10.50),
(224, 22, 2, 6.00),
(225, 7, 3, 22.50),
(226, 15, 1, 11.00),
(227, 27, 2, 9.00),
(228, 24, 1, 5.50),
(229, 5, 3, 6.00),
(230, 17, 2, 8.00),
(231, 29, 3, 19.50),
(232, 8, 1, 8.00),
(233, 18, 2, 5.00),
(234, 6, 1, 2.00),
(235, 19, 3, 30.00),
(236, 15, 2, 22.00),
(237, 14, 3, 18.00),
(238, 30, 1, 8.00),
(239, 21, 2, 13.00),
(240, 25, 1, 5.00),
(241, 12, 3, 13.50),
(242, 6, 2, 4.00),
(243, 16, 3, 16.50),
(244, 23, 1, 4.50),
(245, 8, 2, 16.00),
(246, 19, 1, 10.00),
(247, 13, 3, 21.00),
(248, 5, 3, 6.00),
(249, 30, 2, 16.00),
(250, 11, 1, 3.50),
(251, 1, 1, 2.50),
(251, 22, 3, 9.00),
(252, 7, 1, 7.50),
(252, 15, 2, 22.00),
(253, 19, 1, 10.00),
(253, 3, 3, 12.00),
(254, 9, 2, 18.00),
(254, 4, 3, 13.50),
(255, 11, 1, 3.50),
(255, 26, 2, 14.00),
(256, 1, 1, 2.50),
(256, 28, 3, 10.50),
(257, 22, 2, 6.00),
(257, 7, 3, 22.50),
(258, 15, 1, 11.00),
(258, 27, 2, 9.00),
(259, 24, 1, 5.50),
(259, 5, 3, 6.00),
(260, 17, 2, 8.00),
(260, 29, 3, 19.50),
(261, 8, 1, 8.00),
(261, 18, 2, 5.00),
(262, 6, 1, 2.00),
(262, 19, 3, 30.00),
(263, 15, 2, 22.00),
(263, 14, 3, 18.00),
(264, 30, 1, 8.00),
(264, 21, 2, 13.00),
(265, 25, 1, 5.00),
(265, 12, 3, 13.50),
(266, 6, 2, 4.00),
(266, 16, 3, 16.50),
(267, 23, 1, 4.50),
(267, 8, 2, 16.00),
(268, 19, 1, 10.00),
(268, 13, 3, 21.00),
(269, 5, 3, 6.00),
(269, 30, 2, 16.00),
(270, 11, 1, 3.50),
(270, 26, 2, 14.00),
(271, 1, 2, 5.00),
(271, 22, 3, 9.00),
(272, 7, 1, 7.50),
(272, 15, 2, 22.00),
(273, 19, 1, 10.00),
(273, 3, 3, 12.00),
(274, 9, 2, 18.00),
(274, 4, 3, 13.50),
(275, 11, 1, 3.50),
(275, 26, 2, 14.00),
(276, 1, 1, 2.50),
(276, 28, 3, 10.50),
(277, 22, 2, 6.00),
(277, 7, 3, 22.50),
(278, 15, 1, 11.00),
(278, 27, 2, 9.00),
(279, 24, 1, 5.50),
(279, 5, 3, 6.00),
(280, 17, 2, 8.00),
(280, 29, 3, 19.50),
(281, 8, 1, 8.00),
(281, 18, 2, 5.00),
(282, 6, 1, 2.00),
(282, 19, 3, 30.00),
(283, 15, 2, 22.00),
(283, 14, 3, 18.00),
(284, 30, 1, 8.00),
(284, 21, 2, 13.00),
(285, 25, 1, 5.00),
(285, 12, 3, 13.50),
(286, 6, 2, 4.00),
(286, 16, 3, 16.50),
(287, 23, 1, 4.50),
(287, 8, 2, 16.00),
(288, 19, 1, 10.00),
(288, 13, 3, 21.00),
(289, 5, 3, 6.00),
(289, 30, 2, 16.00),
(290, 11, 1, 3.50),
(290, 26, 2, 14.00),
(291, 1, 2, 5.00),
(291, 22, 3, 9.00),
(292, 7, 1, 7.50),
(292, 15, 2, 22.00),
(293, 19, 1, 10.00),
(293, 3, 3, 12.00),
(294, 9, 2, 18.00),
(294, 4, 3, 13.50),
(295, 11, 1, 3.50),
(295, 26, 2, 14.00),
(296, 1, 1, 2.50),
(296, 28, 3, 10.50),
(297, 22, 2, 6.00),
(297, 7, 3, 22.50),
(298, 15, 1, 11.00),
(298, 27, 2, 9.00),
(299, 24, 1, 5.50),
(299, 5, 3, 6.00),
(300, 17, 2, 8.00),
(300, 29, 3, 19.50),
(301, 8, 1, 8.00),
(301, 18, 2, 5.00),
(302, 6, 1, 2.00),
(302, 19, 3, 30.00),
(303, 15, 2, 22.00),
(303, 14, 3, 18.00),
(304, 30, 1, 8.00),
(304, 21, 2, 13.00),
(305, 25, 1, 5.00),
(305, 12, 3, 13.50),
(306, 6, 2, 4.00),
(306, 16, 3, 16.50),
(307, 23, 1, 4.50),
(307, 8, 2, 16.00),
(308, 19, 1, 10.00),
(308, 13, 3, 21.00),
(309, 5, 3, 6.00),
(309, 30, 2, 16.00),
(310, 11, 1, 3.50),
(310, 26, 2, 14.00),
(311, 1, 2, 5.00),
(311, 22, 3, 9.00),
(312, 7, 1, 7.50),
(312, 15, 2, 22.00),
(313, 19, 1, 10.00),
(313, 3, 3, 12.00),
(314, 9, 2, 18.00),
(314, 4, 3, 13.50),
(315, 11, 1, 3.50),
(315, 26, 2, 14.00),
(316, 1, 1, 2.50),
(316, 28, 3, 10.50),
(317, 22, 2, 6.00),
(317, 7, 3, 22.50),
(318, 15, 1, 11.00),
(318, 27, 2, 9.00),
(319, 24, 1, 5.50),
(319, 5, 3, 6.00),
(320, 17, 2, 8.00),
(320, 29, 3, 19.50),
(321, 8, 1, 8.00),
(321, 18, 2, 5.00),
(322, 6, 1, 2.00),
(322, 19, 3, 30.00),
(323, 15, 2, 22.00),
(323, 14, 3, 18.00),
(324, 30, 1, 8.00),
(324, 21, 2, 13.00),
(325, 25, 1, 5.00),
(325, 12, 3, 13.50),
(326, 6, 2, 4.00),
(326, 16, 3, 16.50),
(327, 23, 1, 4.50),
(327, 8, 2, 16.00),
(328, 19, 1, 10.00),
(328, 13, 3, 21.00),
(329, 5, 3, 6.00),
(329, 30, 2, 16.00),
(330, 11, 1, 3.50),
(330, 26, 2, 14.00),
(331, 1, 2, 5.00),
(331, 22, 3, 9.00),
(332, 7, 1, 7.50),
(332, 15, 2, 22.00),
(333, 19, 1, 10.00),
(333, 3, 3, 12.00),
(334, 9, 2, 18.00),
(334, 4, 3, 13.50),
(335, 11, 1, 3.50),
(335, 26, 2, 14.00),
(336, 1, 1, 2.50),
(336, 28, 3, 10.50),
(337, 22, 2, 6.00),
(337, 7, 3, 22.50),
(338, 15, 1, 11.00),
(338, 27, 2, 9.00),
(339, 24, 1, 5.50),
(339, 5, 3, 6.00),
(340, 17, 2, 8.00),
(340, 29, 3, 19.50),
(341, 8, 1, 8.00),
(341, 18, 2, 5.00),
(342, 6, 1, 2.00),
(342, 19, 3, 30.00),
(343, 15, 2, 22.00),
(343, 14, 3, 18.00),
(344, 30, 1, 8.00),
(344, 21, 2, 13.00),
(345, 25, 1, 5.00),
(345, 12, 3, 13.50),
(346, 6, 2, 4.00),
(346, 16, 3, 16.50),
(347, 23, 1, 4.50),
(347, 8, 2, 16.00),
(348, 19, 1, 10.00),
(348, 13, 3, 21.00),
(349, 5, 3, 6.00),
(349, 30, 2, 16.00),
(350, 11, 1, 3.50),
(350, 26, 2, 14.00),
(351, 1, 2, 5.00),
(351, 22, 3, 9.00),
(352, 7, 1, 7.50),
(352, 15, 2, 22.00),
(353, 19, 1, 10.00),
(353, 3, 3, 12.00),
(354, 9, 2, 18.00),
(354, 4, 3, 13.50),
(355, 11, 1, 3.50),
(355, 26, 2, 14.00),
(356, 1, 1, 2.50),
(356, 28, 3, 10.50),
(357, 22, 2, 6.00),
(357, 7, 3, 22.50),
(358, 15, 1, 11.00),
(358, 27, 2, 9.00),
(359, 24, 1, 5.50),
(359, 5, 3, 6.00),
(360, 17, 2, 8.00),
(360, 29, 3, 19.50),
(361, 8, 1, 8.00),
(361, 18, 2, 5.00),
(362, 6, 1, 2.00),
(362, 19, 3, 30.00),
(363, 15, 2, 22.00),
(363, 14, 3, 18.00),
(364, 30, 1, 8.00),
(364, 21, 2, 13.00),
(365, 25, 1, 5.00),
(365, 12, 3, 13.50),
(366, 6, 2, 4.00),
(366, 16, 3, 16.50),
(367, 23, 1, 4.50),
(367, 8, 2, 16.00),
(368, 19, 1, 10.00),
(368, 13, 3, 21.00),
(369, 5, 3, 6.00),
(369, 30, 2, 16.00),
(370, 11, 1, 3.50),
(370, 26, 2, 14.00),
(371, 1, 2, 5.00),
(371, 22, 3, 9.00),
(372, 7, 1, 7.50),
(372, 15, 2, 22.00),
(373, 19, 1, 10.00),
(373, 3, 3, 12.00),
(374, 9, 2, 18.00),
(374, 4, 3, 13.50),
(375, 11, 1, 3.50),
(375, 26, 2, 14.00),
(376, 1, 1, 2.50),
(376, 28, 3, 10.50),
(377, 22, 2, 6.00),
(377, 7, 3, 22.50),
(378, 15, 1, 11.00),
(378, 27, 2, 9.00),
(379, 24, 1, 5.50),
(379, 5, 3, 6.00),
(380, 17, 2, 8.00),
(380, 29, 3, 19.50),
(381, 8, 1, 8.00),
(381, 18, 2, 5.00),
(382, 6, 1, 2.00),
(382, 19, 3, 30.00),
(383, 15, 2, 22.00),
(383, 14, 3, 18.00),
(384, 30, 1, 8.00),
(384, 21, 2, 13.00),
(385, 25, 1, 5.00),
(385, 12, 3, 13.50),
(386, 6, 2, 4.00),
(386, 16, 3, 16.50),
(387, 23, 1, 4.50),
(387, 8, 2, 16.00),
(388, 19, 1, 10.00),
(388, 13, 3, 21.00),
(389, 5, 3, 6.00),
(389, 30, 2, 16.00),
(390, 11, 1, 3.50),
(390, 26, 2, 14.00),
(391, 1, 2, 5.00),
(391, 22, 3, 9.00),
(392, 7, 1, 7.50),
(392, 15, 2, 22.00),
(393, 19, 1, 10.00),
(393, 3, 3, 12.00),
(394, 9, 2, 18.00),
(394, 4, 3, 13.50),
(395, 11, 1, 3.50),
(395, 26, 2, 14.00),
(396, 1, 1, 2.50),
(396, 28, 3, 10.50),
(397, 22, 2, 6.00),
(397, 7, 3, 22.50),
(398, 15, 1, 11.00),
(398, 27, 2, 9.00),
(399, 24, 1, 5.50),
(399, 5, 3, 6.00),
(400, 17, 2, 8.00),
(400, 29, 3, 19.50),
(401, 8, 1, 8.00),
(401, 18, 2, 5.00),
(402, 6, 1, 2.00),
(402, 19, 3, 30.00),
(403, 15, 2, 22.00),
(403, 14, 3, 18.00),
(404, 30, 1, 8.00),
(404, 21, 2, 13.00),
(405, 25, 1, 5.00),
(405, 12, 3, 13.50),
(406, 6, 2, 4.00),
(406, 16, 3, 16.50),
(407, 23, 1, 4.50),
(407, 8, 2, 16.00),
(408, 19, 1, 10.00),
(408, 13, 3, 21.00),
(409, 5, 3, 6.00),
(409, 30, 2, 16.00),
(410, 11, 1, 3.50),
(410, 26, 2, 14.00),
(411, 1, 2, 5.00),
(411, 22, 3, 9.00),
(412, 7, 1, 7.50),
(412, 15, 2, 22.00),
(413, 19, 1, 10.00),
(413, 3, 3, 12.00),
(414, 9, 2, 18.00),
(414, 4, 3, 13.50),
(415, 11, 1, 3.50),
(415, 26, 2, 14.00),
(416, 1, 1, 2.50),
(416, 28, 3, 10.50),
(417, 22, 2, 6.00),
(417, 7, 3, 22.50),
(418, 15, 1, 11.00),
(418, 27, 2, 9.00),
(419, 24, 1, 5.50),
(419, 5, 3, 6.00),
(420, 17, 2, 8.00),
(420, 29, 3, 19.50),
(421, 8, 1, 8.00),
(421, 18, 2, 5.00),
(422, 6, 1, 2.00),
(422, 19, 3, 30.00),
(423, 15, 2, 22.00),
(423, 14, 3, 18.00),
(424, 30, 1, 8.00),
(424, 21, 2, 13.00),
(425, 25, 1, 5.00),
(425, 12, 3, 13.50),
(426, 6, 2, 4.00),
(426, 16, 3, 16.50),
(427, 23, 1, 4.50),
(427, 8, 2, 16.00),
(428, 19, 1, 10.00),
(428, 13, 3, 21.00),
(429, 5, 3, 6.00),
(429, 30, 2, 16.00),
(430, 11, 1, 3.50),
(430, 26, 2, 14.00),
(431, 1, 2, 5.00),
(431, 22, 3, 9.00),
(432, 7, 1, 7.50),
(432, 15, 2, 22.00),
(433, 19, 1, 10.00),
(433, 3, 3, 12.00),
(434, 9, 2, 18.00),
(434, 4, 3, 13.50),
(435, 11, 1, 3.50),
(435, 26, 2, 14.00),
(436, 1, 1, 2.50),
(436, 28, 3, 10.50),
(437, 22, 2, 6.00),
(437, 7, 3, 22.50),
(438, 15, 1, 11.00),
(438, 27, 2, 9.00),
(439, 24, 1, 5.50),
(439, 5, 3, 6.00),
(440, 17, 2, 8.00),
(440, 29, 3, 19.50),
(441, 8, 1, 8.00),
(441, 18, 2, 5.00),
(442, 6, 1, 2.00),
(442, 19, 3, 30.00),
(443, 15, 2, 22.00),
(443, 14, 3, 18.00),
(444, 30, 1, 8.00),
(444, 21, 2, 13.00),
(445, 25, 1, 5.00),
(445, 12, 3, 13.50),
(446, 6, 2, 4.00),
(446, 16, 3, 16.50),
(447, 23, 1, 4.50),
(447, 8, 2, 16.00),
(448, 19, 1, 10.00),
(448, 13, 3, 21.00),
(449, 5, 3, 6.00),
(449, 30, 2, 16.00),
(450, 11, 1, 3.50);